longitudeTop,latitudeTop,elevationTop,longitudeBase,latitudeBase,elevationBase
253.59987,31.695342,5.54736,253.59987,31.695342,0
253.60384,31.696135,24.17064,253.60384,31.696135,0
253.60765,31.696895,41.11752,253.60765,31.696895,0
253.61162,31.697687,58.09488,253.61162,31.697687,0
253.6156,31.698482,76.71816,253.6156,31.698482,0
253.6194,31.69924,93.66504,253.6194,31.69924,0
253.62338,31.700035,112.3188,253.62338,31.700035,0
253.62736,31.700829,129.26568,253.62736,31.700829,0
253.63116,31.701588,144.53616,253.63116,31.701588,0
253.63496,31.702346,164.86632,253.63496,31.702346,0
253.63877,31.703107,181.8132,253.63877,31.703107,0
253.64274,31.703899,200.46696,253.64274,31.703899,0
253.64655,31.704659,219.12072,253.64655,31.704659,0
253.65052,31.705452,237.744,253.65052,31.705452,0
253.6545,31.706246,254.69088,253.6545,31.706246,0
253.6583,31.707005,273.34464,253.6583,31.707005,0
253.66228,31.707799,291.9984,253.66228,31.707799,0
253.66608,31.708557,308.94528,253.66608,31.708557,0
253.67006,31.709352,327.59904,253.67006,31.709352,0
253.67386,31.71011,346.222319,253.67386,31.71011,0
253.67784,31.710905,364.876079,253.67784,31.710905,0
253.68147,31.711629,368.289839,253.68147,31.711629,0
253.68423,31.71218,397.062959,253.68423,31.71218,0
253.68821,31.712975,407.243279,253.68821,31.712975,0
253.69236,31.713803,417.423599,253.69236,31.713803,0
253.69651,31.714631,427.603919,253.69651,31.714631,0
253.70049,31.715426,436.107839,253.70049,31.715426,0
253.70464,31.716254,446.288159,253.70464,31.716254,0
253.70879,31.717082,456.468479,253.70879,31.717082,0
253.71277,31.717877,466.648799,253.71277,31.717877,0
253.71692,31.718705,476.798639,253.71692,31.718705,0
253.7209,31.719499,485.302559,253.7209,31.719499,0
253.72487,31.720292,495.482879,253.72487,31.720292,0
253.72868,31.721052,505.663199,253.72868,31.721052,0
253.73283,31.721881,514.136639,253.73283,31.721881,0
253.73698,31.722709,524.316959,253.73698,31.722709,0
253.73854,31.72302,473.537279,253.73854,31.72302,0
253.74269,31.723849,485.393999,253.74269,31.723849,0
253.74667,31.724643,497.281199,253.74667,31.724643,0
253.74754,31.724817,500.664479,253.74754,31.724817,0
253.75169,31.725645,510.844799,253.75169,31.725645,0
253.75584,31.726473,522.701519,253.75584,31.726473,0
253.75981,31.727266,534.588719,253.75981,31.727266,0
253.76396,31.728094,548.152319,253.76396,31.728094,0
253.76811,31.728922,558.332639,253.76811,31.728922,0
253.77226,31.729751,570.189359,253.77226,31.729751,0
253.77624,31.730545,582.076559,253.77624,31.730545,0
253.78022,31.731339,593.933279,253.78022,31.731339,0
253.78281,31.731856,600.730319,253.78281,31.731856,0
253.78679,31.732651,614.293919,253.78679,31.732651,0
253.79094,31.733479,626.150639,253.79094,31.733479,0
253.79509,31.734307,636.330959,253.79509,31.734307,0
253.79924,31.735136,648.218159,253.79924,31.735136,0
253.80322,31.73593,661.781759,253.80322,31.73593,0
253.80737,31.736758,673.638479,253.80737,31.736758,0
253.81134,31.737551,683.818799,253.81134,31.737551,0
253.81653,31.738587,698.235839,253.81653,31.738587,0
253.81827,31.738934,641.543039,253.81827,31.738934,0
253.82207,31.739692,661.873199,253.82207,31.739692,0
253.82588,31.740453,682.203359,253.82588,31.740453,0
253.82968,31.741211,702.533519,253.82968,31.741211,0
253.83331,31.741936,724.570559,253.83331,31.741936,0
253.83711,31.742694,744.900719,253.83711,31.742694,0
253.84092,31.743455,765.230879,253.84092,31.743455,0
253.84472,31.744213,785.591519,253.84472,31.744213,0
253.84852,31.744972,805.921679,253.84852,31.744972,0
253.85233,31.745732,826.251839,253.85233,31.745732,0
253.85751,31.746766,877.915439,253.85751,31.746766,0
253.85774,31.746812,1062.502318,253.85774,31.746812,0
253.86197,31.747656,1131.112798,253.86197,31.747656,0
253.87165,31.749588,1206.489838,253.87165,31.749588,0
253.59763,31.627666,0.85344,253.59763,31.627666,0
253.65138,31.665189,308.18328,253.65138,31.665189,0
253.65323,31.666481,320.10096,253.65323,31.666481,0
253.65454,31.667395,325.13016,253.65454,31.667395,0
253.6577,31.669601,335.279999,253.6577,31.669601,0
253.661,31.671905,345.429839,253.661,31.671905,0
253.6643,31.674209,355.610159,253.6643,31.674209,0
253.66773,31.676603,365.759999,253.66773,31.676603,0
253.67103,31.678907,375.909839,253.67103,31.678907,0
253.67419,31.681113,386.090159,253.67419,31.681113,0
253.67901,31.684478,392.003279,253.67901,31.684478,0
253.68189,31.686488,447.050159,253.68189,31.686488,0
253.68533,31.68889,450.433439,253.68533,31.68889,0
253.68863,31.691194,453.816719,253.68863,31.691194,0
253.69206,31.693588,457.199999,253.69206,31.693588,0
253.69536,31.695892,460.583279,253.69536,31.695892,0
253.69866,31.698196,465.673439,253.69866,31.698196,0
253.7021,31.700597,469.056719,253.7021,31.700597,0
253.7054,31.702901,472.439999,253.7054,31.702901,0
253.70883,31.705295,475.823279,253.70883,31.705295,0
253.71227,31.707697,479.206559,253.71227,31.707697,0
253.71557,31.710001,482.589839,253.71557,31.710001,0
253.71901,31.712402,485.973119,253.71901,31.712402,0
253.7223,31.714699,489.386879,253.7223,31.714699,0
253.72574,31.7171,492.770159,253.72574,31.7171,0
253.72904,31.719404,496.153439,253.72904,31.719404,0
253.73234,31.721708,501.213119,253.73234,31.721708,0
253.73578,31.724109,504.626879,253.73578,31.724109,0
253.73983,31.726937,506.303279,253.73983,31.726937,0
253.74086,31.727656,475.823279,253.74086,31.727656,0
253.7443,31.730057,479.206559,253.7443,31.730057,0
253.7476,31.732361,482.589839,253.7476,31.732361,0
253.75103,31.734756,485.973119,253.75103,31.734756,0
253.75433,31.737059,489.386879,253.75433,31.737059,0
253.75763,31.739363,494.446559,253.75763,31.739363,0
253.76107,31.741765,497.829839,253.76107,31.741765,0
253.76437,31.744068,501.213119,253.76437,31.744068,0
253.7678,31.746463,504.626879,253.7678,31.746463,0
253.7711,31.748767,508.010159,253.7711,31.748767,0
253.77694,31.752844,514.776719,253.77694,31.752844,0
253.77825,31.753758,485.973119,253.77825,31.753758,0
253.78141,31.755964,499.536719,253.78141,31.755964,0
253.78471,31.758268,514.776719,253.78471,31.758268,0
253.78787,31.760474,528.309839,253.78787,31.760474,0
253.79103,31.76268,543.549839,253.79103,31.76268,0
253.79433,31.764984,557.113439,253.79433,31.764984,0
253.79749,31.76719,572.353439,253.79749,31.76719,0
253.80354,31.771413,600.273119,253.80354,31.771413,0
253.80437,31.771993,567.263279,253.80437,31.771993,0
253.80767,31.774296,579.119999,253.80767,31.774296,0
253.81083,31.776502,590.976719,253.81083,31.776502,0
253.81413,31.778806,602.833439,253.81413,31.778806,0
253.81743,31.78111,614.690159,253.81743,31.78111,0
253.82072,31.783407,626.546879,253.82072,31.783407,0
253.82402,31.78571,638.373119,253.82402,31.78571,0
253.82718,31.787916,650.229839,253.82718,31.787916,0
253.83241,31.791568,691.713119,253.83241,31.791568,0
253.8333,31.792189,883.066559,253.8333,31.792189,0
253.83694,31.79473,939.789839,253.83694,31.79473,0
253.83997,31.796845,961.826879,253.83997,31.796845,0
253.84285,31.798856,983.833439,253.84285,31.798856,0
253.84574,31.800873,1005.839998,253.84574,31.800873,0
253.84863,31.802891,1026.170158,253.84863,31.802891,0
253.85839,31.809704,1100.663278,253.85839,31.809704,0
253.85962,31.810563,1153.149838,253.85962,31.810563,0
253.87426,31.820783,1239.530158,253.87426,31.820783,0
253.62171,31.50033,119.9388,253.62171,31.50033,0
253.62302,31.501297,123.47448,253.62302,31.501297,0
253.62453,31.502411,128.74752,253.62453,31.502411,0
253.62578,31.503334,133.74624,253.62578,31.503334,0
253.62713,31.50433,138.59256,253.62713,31.50433,0
253.62826,31.505164,142.09776,253.62826,31.505164,0
253.62956,31.506124,146.06016,253.62956,31.506124,0
253.63083,31.507061,151.45512,253.63083,31.507061,0
253.63227,31.508124,155.72232,253.63227,31.508124,0
253.63363,31.509128,158.37408,253.63363,31.509128,0
253.63477,31.509969,160.87344,253.63477,31.509969,0
253.63609,31.510944,164.71392,253.63609,31.510944,0
253.63758,31.512043,169.98696,253.63758,31.512043,0
253.63885,31.512981,174.37608,253.63885,31.512981,0
253.64017,31.513955,178.52136,253.64017,31.513955,0
253.64153,31.514959,182.36184,253.64153,31.514959,0
253.64259,31.515741,185.7756,253.64259,31.515741,0
253.64385,31.516671,195.10248,253.64385,31.516671,0
253.64434,31.517033,208.9404,253.64434,31.517033,0
253.6448,31.517372,226.67976,253.6448,31.517372,0
253.64571,31.518044,235.73232,253.64571,31.518044,0
253.64704,31.519026,239.66424,253.64704,31.519026,0
253.64844,31.520059,243.19992,253.64844,31.520059,0
253.64973,31.521011,249.0216,253.64973,31.521011,0
253.65095,31.521912,255.94056,253.65095,31.521912,0
253.65218,31.52282,262.55472,253.65218,31.52282,0
253.65345,31.523757,268.65072,253.65345,31.523757,0
253.65475,31.524716,274.65528,253.65475,31.524716,0
253.65607,31.525691,280.78176,253.65607,31.525691,0
253.65737,31.52665,287.03016,253.65737,31.52665,0
253.6586,31.527558,293.40048,253.6586,31.527558,0
253.65981,31.528451,299.67936,253.65981,31.528451,0
253.66104,31.529359,305.62296,253.66104,31.529359,0
253.66232,31.530304,311.23128,253.66232,31.530304,0
253.66358,31.531234,316.56528,253.66358,31.531234,0
253.66479,31.532127,321.83832,253.66479,31.532127,0
253.666,31.53302,327.47712,253.666,31.53302,0
253.6673,31.53398,333.877919,253.6673,31.53398,0
253.66866,31.534983,340.827359,253.66866,31.534983,0
253.66975,31.535788,346.252799,253.66975,31.535788,0
253.67104,31.53674,352.257359,253.67104,31.53674,0
253.67229,31.537663,357.652319,253.67229,31.537663,0
253.67356,31.5386,362.833919,253.67356,31.5386,0
253.67488,31.539574,368.198399,253.67488,31.539574,0
253.67619,31.540541,373.928639,253.67619,31.540541,0
253.67746,31.541479,380.116079,253.67746,31.541479,0
253.67872,31.542409,386.394959,253.67872,31.542409,0
253.68,31.543353,392.369039,253.68,31.543353,0
253.68132,31.544328,397.885919,253.68132,31.544328,0
253.68263,31.545294,403.189439,253.68263,31.545294,0
253.6839,31.546232,408.553919,253.6839,31.546232,0
253.68516,31.547162,414.131759,253.68516,31.547162,0
253.68645,31.548114,420.136319,253.68645,31.548114,0
253.6875,31.548889,425.135039,253.6875,31.548889,0
253.68881,31.549856,431.291999,253.68881,31.549856,0
253.69009,31.550801,437.052719,253.69009,31.550801,0
253.69135,31.551731,442.508639,253.69135,31.551731,0
253.6926,31.552653,447.842639,253.6926,31.552653,0
253.69386,31.553583,453.298559,253.69386,31.553583,0
253.69515,31.554535,459.028799,253.69515,31.554535,0
253.69645,31.555495,465.185759,253.69645,31.555495,0
253.69777,31.556469,471.403679,253.69777,31.556469,0
253.69905,31.557414,477.347279,253.69905,31.557414,0
253.70031,31.558344,482.925119,253.70031,31.558344,0
253.70158,31.559281,488.228639,253.70158,31.559281,0
253.70289,31.560248,493.562639,253.70289,31.560248,0
253.70421,31.561223,499.140479,253.70421,31.561223,0
253.70549,31.562167,505.175519,253.70549,31.562167,0
253.70675,31.563097,511.484879,253.70675,31.563097,0
253.70776,31.563843,516.422639,253.70776,31.563843,0
253.70906,31.564802,522.122399,253.70906,31.564802,0
253.71038,31.565777,527.486879,253.71038,31.565777,0
253.71168,31.566736,532.790399,253.71168,31.566736,0
253.71295,31.567673,538.246319,253.71295,31.567673,0
253.7142,31.568596,544.037519,253.7142,31.568596,0
253.71546,31.569526,550.224959,253.71546,31.569526,0
253.71672,31.570456,556.503839,253.71672,31.570456,0
253.718,31.571401,562.508399,253.718,31.571401,0
253.71928,31.572346,568.116719,253.71928,31.572346,0
253.72051,31.573253,573.237359,253.72051,31.573253,0
253.72194,31.574309,578.906639,253.72194,31.574309,0
253.72321,31.575246,583.966319,253.72321,31.575246,0
253.72432,31.576066,588.599279,253.72432,31.576066,0
253.72561,31.577018,594.420959,253.72561,31.577018,0
253.72685,31.577933,602.498159,253.72685,31.577933,0
253.72806,31.578826,608.045519,253.72806,31.578826,0
253.72948,31.579874,613.562399,253.72948,31.579874,0
253.73065,31.580738,617.890559,253.73065,31.580738,0
253.73191,31.581668,622.462559,253.73191,31.581668,0
253.73322,31.582635,627.095519,253.73322,31.582635,0
253.73455,31.583616,631.789439,253.73455,31.583616,0
253.73592,31.584628,636.544319,253.73592,31.584628,0
253.73731,31.585653,641.329679,253.73731,31.585653,0
253.73869,31.586672,646.023599,253.73869,31.586672,0
253.74002,31.587654,650.534639,253.74002,31.587654,0
253.74126,31.588569,654.649439,253.74126,31.588569,0
253.74239,31.589403,658.337519,253.74239,31.589403,0
253.74372,31.590385,662.452319,253.74372,31.590385,0
253.74493,31.591278,665.134559,253.74493,31.591278,0
253.74649,31.592429,669.035999,253.74649,31.592429,0
253.74766,31.593293,672.845999,253.74766,31.593293,0
253.74908,31.594341,678.027599,253.74908,31.594341,0
253.75035,31.595278,682.995839,253.75035,31.595278,0
253.75157,31.596179,687.598319,253.75157,31.596179,0
253.75286,31.597131,691.835039,253.75286,31.597131,0
253.7542,31.59812,695.888879,253.7542,31.59812,0
253.75553,31.599102,700.003679,253.75553,31.599102,0
253.75685,31.600076,704.179439,253.75685,31.600076,0
253.75816,31.601043,708.294239,253.75816,31.601043,0
253.75947,31.60201,712.317599,253.75947,31.60201,0
253.76079,31.602984,716.493359,253.76079,31.602984,0
253.76186,31.603774,720.120479,253.76186,31.603774,0
253.76318,31.604748,724.997279,253.76318,31.604748,0
253.76448,31.605707,729.843599,253.76448,31.605707,0
253.76597,31.606807,735.177599,253.76597,31.606807,0
253.76725,31.607752,739.139999,253.76725,31.607752,0
253.76837,31.608579,742.035599,253.76837,31.608579,0
253.76973,31.609582,745.449359,253.76973,31.609582,0
253.77102,31.610535,750.417599,253.77102,31.610535,0
253.77226,31.61145,755.843039,253.77226,31.61145,0
253.77357,31.612417,756.970799,253.77357,31.612417,0
253.77502,31.613487,758.494799,253.77502,31.613487,0
253.7764,31.614506,761.359919,253.7764,31.614506,0
253.77769,31.615458,765.108959,253.77769,31.615458,0
253.77898,31.61641,768.888479,253.77898,31.61641,0
253.7803,31.617384,772.302239,253.7803,31.617384,0
253.78163,31.618366,775.685519,253.78163,31.618366,0
253.78295,31.61934,779.251679,253.78295,31.61934,0
253.78426,31.620307,782.726399,253.78426,31.620307,0
253.78559,31.621289,785.743919,253.78559,31.621289,0
253.78692,31.62227,788.395679,253.78692,31.62227,0
253.78822,31.62323,791.230319,253.78822,31.62323,0
253.78949,31.624167,794.552639,253.78949,31.624167,0
253.79076,31.625105,798.210239,253.79076,31.625105,0
253.7921,31.626094,801.959279,253.7921,31.626094,0
253.79345,31.62709,805.494959,253.79345,31.62709,0
253.7949,31.62816,808.908719,253.7949,31.62816,0
253.79617,31.629098,811.377599,253.79617,31.629098,0
253.79757,31.630131,814.059839,253.79757,31.630131,0
253.7989,31.631113,816.803039,253.7989,31.631113,0
253.80026,31.632116,819.820559,253.80026,31.632116,0
253.80133,31.632906,822.289439,253.80133,31.632906,0
253.8029,31.634065,825.581279,253.8029,31.634065,0
253.80424,31.635054,827.379599,253.80424,31.635054,0
253.80534,31.635866,828.080639,253.80534,31.635866,0
253.80672,31.636885,828.050159,253.80672,31.636885,0
253.80809,31.637896,827.196719,253.80809,31.637896,0
253.80945,31.6389,826.404239,253.80945,31.6389,0
253.81082,31.639911,826.617599,253.81082,31.639911,0
253.81218,31.640915,826.160399,253.81218,31.640915,0
253.81342,31.64183,820.673999,253.81342,31.64183,0
253.8145,31.642627,808.360079,253.8145,31.642627,0
253.81532,31.643232,796.991039,253.81532,31.643232,0
253.81646,31.644074,785.835359,253.81646,31.644074,0
253.81776,31.645033,780.653759,253.81776,31.645033,0
253.81912,31.646037,779.038319,253.81912,31.646037,0
253.82046,31.647026,778.306799,253.82046,31.647026,0
253.82178,31.648,778.367759,253.82178,31.648,0
253.82309,31.648967,779.769839,253.82309,31.648967,0
253.82441,31.649941,782.482559,253.82441,31.649941,0
253.82574,31.650923,785.743919,253.82574,31.650923,0
253.82706,31.651897,788.822399,253.82706,31.651897,0
253.82838,31.652872,791.474159,253.82838,31.652872,0
253.82969,31.653839,793.668719,253.82969,31.653839,0
253.831,31.654805,796.442399,253.831,31.654805,0
253.83234,31.655794,801.715439,253.83234,31.655794,0
253.83343,31.656599,807.689519,253.83343,31.656599,0
253.83471,31.657544,811.773839,253.83471,31.657544,0
253.83583,31.65837,800.740079,253.83583,31.65837,0
253.83636,31.658762,786.719279,253.83636,31.658762,0
253.83715,31.659345,772.332719,253.83715,31.659345,0
253.83861,31.660422,772.210799,253.83861,31.660422,0
253.83971,31.661234,778.276319,253.83971,31.661234,0
253.84082,31.662054,784.494239,253.84082,31.662054,0
253.84216,31.663043,789.706319,253.84216,31.663043,0
253.84344,31.663987,793.577279,253.84344,31.663987,0
253.84494,31.665094,798.789359,253.84494,31.665094,0
253.84621,31.666032,803.909999,253.84621,31.666032,0
253.84728,31.666822,808.268639,253.84728,31.666822,0
253.84864,31.667825,813.267359,253.84864,31.667825,0
253.84991,31.668763,816.132479,253.84991,31.668763,0
253.85137,31.66984,814.852319,253.85137,31.66984,0
253.85266,31.670793,814.974239,253.85266,31.670793,0
253.85394,31.671737,819.180479,253.85394,31.671737,0
253.8553,31.672741,825.002159,253.8553,31.672741,0
253.85666,31.673745,830.519039,253.85666,31.673745,0
253.85797,31.674712,835.243439,253.85797,31.674712,0
253.85925,31.675657,839.510639,253.85925,31.675657,0
253.86051,31.676587,843.594959,253.86051,31.676587,0
253.86179,31.677531,847.831679,253.86179,31.677531,0
253.8631,31.678498,852.434159,253.8631,31.678498,0
253.86442,31.679473,857.310959,253.86442,31.679473,0
253.86572,31.680432,862.340159,253.86572,31.680432,0
253.86699,31.681369,867.277919,253.86699,31.681369,0
253.86825,31.682299,871.971839,253.86825,31.682299,0
253.86954,31.683252,876.391439,253.86954,31.683252,0
253.87086,31.684226,881.207279,253.87086,31.684226,0
253.87223,31.685237,887.211839,253.87223,31.685237,0
253.8733,31.686027,892.119119,253.8733,31.686027,0
253.87468,31.687045,895.746239,253.87468,31.687045,0
253.87588,31.687931,890.808479,253.87588,31.687931,0
253.87733,31.689001,895.014719,253.87733,31.689001,0
253.87837,31.689769,901.811759,253.87837,31.689769,0
253.87968,31.690736,910.864319,253.87968,31.690736,0
253.88091,31.691644,918.362399,253.88091,31.691644,0
253.8821,31.692522,924.671759,253.8821,31.692522,0
253.88334,31.693437,930.828719,253.88334,31.693437,0
253.88464,31.694397,938.082959,253.88464,31.694397,0
253.88571,31.695187,945.367679,253.88571,31.695187,0
253.88681,31.695998,953.963039,253.88681,31.695998,0
253.88808,31.696936,962.527919,253.88808,31.696936,0
253.88918,31.697748,959.571359,253.88918,31.697748,0
253.88998,31.698338,944.666639,253.88998,31.698338,0
253.89114,31.699194,946.891679,253.89114,31.699194,0
253.89234,31.70008,958.047359,253.89234,31.70008,0
253.89332,31.700803,967.709519,253.89332,31.700803,0
253.89448,31.70166,977.767919,253.89448,31.70166,0
253.89561,31.702494,986.698559,253.89561,31.702494,0
253.89674,31.703328,996.025438,253.89674,31.703328,0
253.89789,31.704177,1005.809518,253.89789,31.704177,0
253.89905,31.705033,1015.319278,253.89905,31.705033,0
253.90022,31.705896,1024.280398,253.90022,31.705896,0
253.90136,31.706738,1033.150078,253.90136,31.706738,0
253.90246,31.70755,1042.507438,253.90246,31.70755,0
253.90355,31.708354,1052.261038,253.90355,31.708354,0
253.9047,31.709203,1062.258478,253.9047,31.709203,0
253.90565,31.709904,1070.183278,253.90565,31.709904,0
253.90678,31.710738,1079.632078,253.90678,31.710738,0
253.90796,31.711609,1089.873358,253.90796,31.711609,0
253.90906,31.712421,1098.803998,253.90906,31.712421,0
253.91021,31.71327,1107.277438,253.91021,31.71327,0
253.91159,31.714288,1117.061518,253.91159,31.714288,0
253.91267,31.715086,1124.833918,253.91267,31.715086,0
253.91371,31.715853,1132.941598,253.91371,31.715853,0
253.91491,31.716739,1143.914398,253.91491,31.716739,0
253.91581,31.717403,1154.612878,253.91581,31.717403,0
253.91657,31.717964,1166.621998,253.91657,31.717964,0
253.91744,31.718606,1180.673278,253.91744,31.718606,0
253.91844,31.719344,1195.212238,253.91844,31.719344,0
253.91918,31.719891,1206.154558,253.91918,31.719891,0
253.92007,31.720547,1219.535278,253.92007,31.720547,0
253.92093,31.721182,1231.483438,253.92093,31.721182,0
253.92233,31.722216,1238.097598,253.92233,31.722216,0
253.92367,31.723205,1243.309678,253.92367,31.723205,0
253.92468,31.72395,1249.740958,253.92468,31.72395,0
253.92564,31.724659,1264.401838,253.92564,31.724659,0
253.92626,31.725116,1279.032238,253.92626,31.725116,0
253.92731,31.725891,1285.524478,253.92731,31.725891,0
253.92862,31.726858,1283.878558,253.92862,31.726858,0
253.92869,31.72691,1283.543278,253.92869,31.72691,0
253.68947,31.400999,289.56,253.68947,31.400999,0
253.6927,31.403351,296.32656,253.6927,31.403351,0
253.69592,31.405697,301.41672,253.69592,31.405697,0
253.69914,31.408042,308.18328,253.69914,31.408042,0
253.70236,31.410387,314.94984,253.70236,31.410387,0
253.70572,31.412835,321.74688,253.70572,31.412835,0
253.70894,31.41518,328.51344,253.70894,31.41518,0
253.71216,31.417526,335.279999,253.71216,31.417526,0
253.71539,31.419878,340.370159,253.71539,31.419878,0
253.71861,31.422224,347.136719,253.71861,31.422224,0
253.72183,31.424569,353.903279,253.72183,31.424569,0
253.72505,31.426914,360.669839,253.72505,31.426914,0
253.72827,31.42926,367.466879,253.72827,31.42926,0
253.7315,31.431613,374.233439,253.7315,31.431613,0
253.73472,31.433958,380.999999,253.73472,31.433958,0
253.73794,31.436303,387.766559,253.73794,31.436303,0
253.7413,31.438751,392.856719,253.7413,31.438751,0
253.74452,31.441096,399.623279,253.74452,31.441096,0
253.74774,31.443442,406.389839,253.74774,31.443442,0
253.75096,31.445787,413.186879,253.75096,31.445787,0
253.75418,31.448132,419.953439,253.75418,31.448132,0
253.75741,31.450485,426.719999,253.75741,31.450485,0
253.76063,31.45283,433.486559,253.76063,31.45283,0
253.76385,31.455176,438.576719,253.76385,31.455176,0
253.76707,31.457521,445.343279,253.76707,31.457521,0
253.7703,31.459874,452.109839,253.7703,31.459874,0
253.77338,31.462117,458.906879,253.77338,31.462117,0
253.77661,31.46447,465.673439,253.77661,31.46447,0
253.77983,31.466815,470.733119,253.77983,31.466815,0
253.78305,31.469161,477.530159,253.78305,31.469161,0
253.78627,31.471506,484.296719,253.78627,31.471506,0
253.78748,31.472388,487.679999,253.78748,31.472388,0
253.7907,31.474733,494.446559,253.7907,31.474733,0
253.79392,31.477078,499.536719,253.79392,31.477078,0
253.79715,31.479431,506.303279,253.79715,31.479431,0
253.80037,31.481776,513.069839,253.80037,31.481776,0
253.80372,31.484217,519.866879,253.80372,31.484217,0
253.80695,31.486569,526.633439,253.80695,31.486569,0
253.81017,31.488915,531.693119,253.81017,31.488915,0
253.81339,31.49126,538.490159,253.81339,31.49126,0
253.81661,31.493605,545.256719,253.81661,31.493605,0
253.81983,31.495951,552.023279,253.81983,31.495951,0
253.82306,31.498304,558.789839,253.82306,31.498304,0
253.82628,31.500649,565.586879,253.82628,31.500649,0
253.8295,31.502994,572.353439,253.8295,31.502994,0
253.83272,31.50534,579.119999,253.83272,31.50534,0
253.83595,31.507692,584.210159,253.83595,31.507692,0
253.8393,31.510133,590.976719,253.8393,31.510133,0
253.84252,31.512478,597.743279,253.84252,31.512478,0
253.84575,31.514831,604.509839,253.84575,31.514831,0
253.84897,31.517176,611.306879,253.84897,31.517176,0
253.85219,31.519521,618.073439,253.85219,31.519521,0
253.85541,31.521867,623.133119,253.85541,31.521867,0
253.85863,31.524212,629.930159,253.85863,31.524212,0
253.86186,31.526565,636.696719,253.86186,31.526565,0
253.86508,31.52891,643.463279,253.86508,31.52891,0
253.8683,31.531256,650.229839,253.8683,31.531256,0
253.87139,31.533506,657.026879,253.87139,31.533506,0
253.87461,31.535852,662.086559,253.87461,31.535852,0
253.87783,31.538197,668.853119,253.87783,31.538197,0
253.88105,31.540543,675.650159,253.88105,31.540543,0
253.88428,31.542895,682.416719,253.88428,31.542895,0
253.89032,31.547295,699.333119,253.89032,31.547295,0
253.89193,31.548467,694.273439,253.89193,31.548467,0
253.89423,31.550143,867.186479,253.89423,31.550143,0
253.89436,31.550237,861.913439,253.89436,31.550237,0
253.89758,31.552583,870.386879,253.89758,31.552583,0
253.9008,31.554928,877.153439,253.9008,31.554928,0
253.90403,31.557281,885.626879,253.90403,31.557281,0
253.90725,31.559626,892.393439,253.90725,31.559626,0
253.91047,31.561972,899.159999,253.91047,31.561972,0
253.91369,31.564317,907.633439,253.91369,31.564317,0
253.91691,31.566663,914.399999,253.91691,31.566663,0
253.92014,31.569015,919.490159,253.92014,31.569015,0
253.92336,31.571361,924.549839,253.92336,31.571361,0
253.92671,31.573801,921.166559,253.92671,31.573801,0
253.92967,31.575957,909.309839,253.92967,31.575957,0
253.93235,31.577909,885.626879,253.93235,31.577909,0
253.93516,31.579956,806.013119,253.93516,31.579956,0
253.93825,31.582206,821.253119,253.93825,31.582206,0
253.94134,31.584457,838.199999,253.94134,31.584457,0
253.94456,31.586802,855.390719,253.94456,31.586802,0
253.94752,31.588958,870.386879,253.94752,31.588958,0
253.97585,31.609594,1010.930158,253.97585,31.609594,0
253.97894,31.611844,1026.688318,253.97894,31.611844,0
253.98189,31.613993,1048.176718,253.98189,31.613993,0
253.98485,31.616149,1066.799998,253.98485,31.616149,0
253.9878,31.618298,1087.130158,253.9878,31.618298,0
253.99076,31.620454,1107.429838,253.99076,31.620454,0
253.99385,31.622705,1126.053118,253.99385,31.622705,0
253.60682,31.759537,6.7056,253.60682,31.759537,0
253.60948,31.756619,20.2692,253.60948,31.756619,0
253.61224,31.75359,35.5092,253.61224,31.75359,0
253.61525,31.750287,52.45608,253.61525,31.750287,0
253.6179,31.74738,65.9892,253.6179,31.74738,0
253.62067,31.74434,81.2292,253.62067,31.74434,0
253.62332,31.741433,94.7928,253.62332,31.741433,0
253.62528,31.739282,104.94264,253.62528,31.739282,0
253.62794,31.736363,120.18264,253.62794,31.736363,0
253.63059,31.733456,135.42264,253.63059,31.733456,0
253.63336,31.730416,148.98624,253.63336,31.730416,0
253.63602,31.727497,164.22624,253.63602,31.727497,0
253.63867,31.72459,179.46624,253.63867,31.72459,0
253.64132,31.721682,192.99936,253.64132,31.721682,0
253.6434,31.7194,204.85608,253.6434,31.7194,0
253.64606,31.716481,218.41968,253.64606,31.716481,0
253.64882,31.713453,233.65968,253.64882,31.713453,0
253.65148,31.710534,248.89968,253.65148,31.710534,0
253.65413,31.707626,262.46328,253.65413,31.707626,0
253.6569,31.704587,277.70328,253.6569,31.704587,0
253.65956,31.701668,292.94328,253.65956,31.701668,0
253.66221,31.69876,306.4764,253.66221,31.69876,0
253.66498,31.695721,321.7164,253.66498,31.695721,0
253.66763,31.692813,335.279999,253.66763,31.692813,0
253.67029,31.689895,350.519999,253.67029,31.689895,0
253.67514,31.684573,377.616719,253.67514,31.684573,0
253.67745,31.682038,421.690799,253.67745,31.682038,0
253.68021,31.67901,431.840639,253.68021,31.67901,0
253.68298,31.67597,443.697359,253.68298,31.67597,0
253.68575,31.672931,453.847199,253.68575,31.672931,0
253.68852,31.669892,463.997039,253.68852,31.669892,0
253.69118,31.666973,475.853759,253.69118,31.666973,0
253.69395,31.663934,486.003599,253.69395,31.663934,0
253.69671,31.660905,496.183919,253.69671,31.660905,0
253.69948,31.657866,508.010159,253.69948,31.657866,0
253.70225,31.654826,518.190479,253.70225,31.654826,0
253.70502,31.651787,528.340319,253.70502,31.651787,0
253.70779,31.648748,540.197039,253.70779,31.648748,0
253.71044,31.64584,550.346879,253.71044,31.64584,0
253.71321,31.6428,560.496719,253.71321,31.6428,0
253.71598,31.639761,572.353439,253.71598,31.639761,0
253.71875,31.636722,582.503279,253.71875,31.636722,0
253.72152,31.633682,592.653119,253.72152,31.633682,0
253.72429,31.630643,602.833439,253.72429,31.630643,0
253.72694,31.627735,614.659679,253.72694,31.627735,0
253.72983,31.624564,624.839999,253.72983,31.624564,0
253.73248,31.621656,634.989839,253.73248,31.621656,0
253.73525,31.618617,645.139679,253.73525,31.618617,0
253.73802,31.615578,656.996399,253.73802,31.615578,0
253.74079,31.612538,665.439359,253.74079,31.612538,0
253.74344,31.60963,675.619679,253.74344,31.60963,0
253.7461,31.606712,684.062639,253.7461,31.606712,0
253.74886,31.603683,692.536079,253.74886,31.603683,0
253.75152,31.600765,699.302639,253.75152,31.600765,0
253.75429,31.597725,707.745599,253.75429,31.597725,0
253.75694,31.594817,714.512159,253.75694,31.594817,0
253.75971,31.591778,721.278719,253.75971,31.591778,0
253.76248,31.588739,728.045279,253.76248,31.588739,0
253.76605,31.584821,736.488239,253.76605,31.584821,0
253.77551,31.574441,722.863679,253.77551,31.574441,0
253.786,31.562931,712.622399,253.786,31.562931,0
253.80526,31.541798,675.192959,253.80526,31.541798,0
253.82256,31.522816,641.177279,253.82256,31.522816,0
253.83824,31.505611,610.544879,253.83824,31.505611,0
253.84689,31.496119,593.537039,253.84689,31.496119,0
253.85231,31.490172,585.002639,253.85231,31.490172,0
253.50075,31.675558,1307.317678,253.50075,31.675558,0
253.50228,31.675864,1299.240478,253.50228,31.675864,0
253.50382,31.676171,1291.132798,253.50382,31.676171,0
253.50544,31.676494,1285.615918,253.50544,31.676494,0
253.50716,31.676838,1282.720318,253.50716,31.676838,0
253.50882,31.677169,1282.049758,253.50882,31.677169,0
253.51013,31.67743,1293.174958,253.51013,31.67743,0
253.51143,31.67769,1303.477198,253.51143,31.67769,0
253.51245,31.677894,1289.730718,253.51245,31.677894,0
253.51346,31.678095,1275.953758,253.51346,31.678095,0
253.51449,31.678301,1262.298718,253.51449,31.678301,0
253.51554,31.67851,1248.765598,253.51554,31.67851,0
253.51659,31.67872,1235.262958,253.51659,31.67872,0
253.51725,31.678852,1219.626718,253.51725,31.678852,0
253.51789,31.678979,1203.899038,253.51789,31.678979,0
253.51853,31.679107,1188.171358,253.51853,31.679107,0
253.51918,31.679237,1172.413198,253.51918,31.679237,0
253.51931,31.679263,1155.679678,253.51931,31.679263,0
253.51937,31.679275,1138.763278,253.51937,31.679275,0
253.51942,31.679285,1121.877358,253.51942,31.679285,0
253.51948,31.679297,1104.960958,253.51948,31.679297,0
253.51954,31.679309,1088.075038,253.51954,31.679309,0
253.5196,31.679321,1071.158638,253.5196,31.679321,0
253.51965,31.679331,1054.242238,253.51965,31.679331,0
253.51971,31.679343,1037.356318,253.51971,31.679343,0
253.51977,31.679355,1020.439918,253.51977,31.679355,0
253.51983,31.679367,1003.553998,253.51983,31.679367,0
253.51988,31.679377,986.637599,253.51988,31.679377,0
253.51994,31.679389,969.751679,253.51994,31.679389,0
253.52,31.6794,952.835279,253.52,31.6794,0
253.52005,31.67941,935.918879,253.52005,31.67941,0
253.52011,31.679422,919.032959,253.52011,31.679422,0
253.52017,31.679434,902.116559,253.52017,31.679434,0
253.52023,31.679446,885.230639,253.52023,31.679446,0
253.52028,31.679456,868.314239,253.52028,31.679456,0
253.52034,31.679468,851.397839,253.52034,31.679468,0
253.5204,31.67948,834.511919,253.5204,31.67948,0
253.52045,31.67949,817.595519,253.52045,31.67949,0
253.52051,31.679502,800.709599,253.52051,31.679502,0
253.52057,31.679514,783.793199,253.52057,31.679514,0
253.52063,31.679526,766.907279,253.52063,31.679526,0
253.52068,31.679536,749.990879,253.52068,31.679536,0
253.52074,31.679548,733.074479,253.52074,31.679548,0
253.5208,31.67956,716.188559,253.5208,31.67956,0
253.52086,31.679572,699.272159,253.52086,31.679572,0
253.52091,31.679582,682.386239,253.52091,31.679582,0
253.52097,31.679594,665.469839,253.52097,31.679594,0
253.52103,31.679606,648.553439,253.52103,31.679606,0
253.52108,31.679616,631.667519,253.52108,31.679616,0
253.52114,31.679628,614.751119,253.52114,31.679628,0
253.5212,31.67964,597.865199,253.5212,31.67964,0
253.52126,31.679652,580.948799,253.52126,31.679652,0
253.52131,31.679662,564.062879,253.52131,31.679662,0
253.52137,31.679674,547.146479,253.52137,31.679674,0
253.52143,31.679686,530.230079,253.52143,31.679686,0
253.52148,31.679696,513.344159,253.52148,31.679696,0
253.52154,31.679708,496.427759,253.52154,31.679708,0
253.52235,31.67987,486.796079,253.52235,31.67987,0
253.5241,31.680219,486.186479,253.5241,31.680219,0
253.52584,31.680566,485.576879,253.52584,31.680566,0
253.52758,31.680913,484.967279,253.52758,31.680913,0
253.52884,31.681165,479.572319,253.52884,31.681165,0
253.52892,31.681181,462.686399,253.52892,31.681181,0
253.52899,31.681195,445.769999,253.52899,31.681195,0
253.52907,31.681211,428.884079,253.52907,31.681211,0
253.52915,31.681227,411.998159,253.52915,31.681227,0
253.52922,31.681241,395.081759,253.52922,31.681241,0
253.5293,31.681257,378.195839,253.5293,31.681257,0
253.52938,31.681273,361.309919,253.52938,31.681273,0
253.52945,31.681287,344.393519,253.52945,31.681287,0
253.52953,31.681303,327.5076,253.52953,31.681303,0
253.52961,31.681319,310.62168,253.52961,31.681319,0
253.52968,31.681333,293.70528,253.52968,31.681333,0
253.52976,31.681349,276.81936,253.52976,31.681349,0
253.52984,31.681365,259.93344,253.52984,31.681365,0
253.52992,31.68138,243.01704,253.52992,31.68138,0
253.52999,31.681394,226.13112,253.52999,31.681394,0
253.53007,31.68141,209.2452,253.53007,31.68141,0
253.53015,31.681426,192.3288,253.53015,31.681426,0
253.53022,31.68144,175.44288,253.53022,31.68144,0
253.5303,31.681456,158.55696,253.5303,31.681456,0
253.53038,31.681472,141.64056,253.53038,31.681472,0
253.53045,31.681486,124.75464,253.53045,31.681486,0
253.53053,31.681502,107.86872,253.53053,31.681502,0
253.53061,31.681518,90.95232,253.53061,31.681518,0
253.53068,31.681532,74.0664,253.53068,31.681532,0
253.53076,31.681548,57.18048,253.53076,31.681548,0
253.53084,31.681564,40.26408,253.53084,31.681564,0
253.53092,31.68158,23.37816,253.53092,31.68158,0
253.53099,31.681594,6.46176,253.53099,31.681594,0
253.41513,31.500261,996.147358,253.41513,31.500261,0
253.4165,31.501218,996.817918,253.4165,31.501218,0
253.41787,31.502174,997.518958,253.41787,31.502174,0
253.41925,31.503138,997.854238,253.41925,31.503138,0
253.42062,31.504094,997.854238,253.42062,31.504094,0
253.42199,31.50505,997.854238,253.42199,31.50505,0
253.42337,31.506014,998.555278,253.42337,31.506014,0
253.42474,31.50697,999.225838,253.42474,31.50697,0
253.42611,31.507927,999.561118,253.42611,31.507927,0
253.42749,31.50889,999.561118,253.42749,31.50889,0
253.42886,31.509846,999.591598,253.42886,31.509846,0
253.43023,31.510803,1000.292638,253.43023,31.510803,0
253.43161,31.511766,1000.993678,253.43161,31.511766,0
253.43298,31.512723,1001.298478,253.43298,31.512723,0
253.43435,31.513679,1001.298478,253.43435,31.513679,0
253.43573,31.514642,1001.359438,253.43573,31.514642,0
253.4371,31.515599,1002.029998,253.4371,31.515599,0
253.43847,31.516555,1002.731038,253.43847,31.516555,0
253.43985,31.517519,1003.005358,253.43985,31.517519,0
253.44122,31.518475,1003.005358,253.44122,31.518475,0
253.4426,31.519438,1003.066318,253.4426,31.519438,0
253.44397,31.520395,1003.767358,253.44397,31.520395,0
253.44534,31.521351,1004.437918,253.44534,31.521351,0
253.44672,31.522315,1004.712238,253.44672,31.522315,0
253.44809,31.523271,1004.712238,253.44809,31.523271,0
253.44946,31.524227,1004.773198,253.44946,31.524227,0
253.45084,31.525191,1005.474238,253.45084,31.525191,0
253.45221,31.526147,1006.144798,253.45221,31.526147,0
253.45358,31.527104,1006.419118,253.45358,31.527104,0
253.45496,31.528067,1006.449598,253.45496,31.528067,0
253.45633,31.529023,1006.510558,253.45633,31.529023,0
253.45771,31.529987,1007.211598,253.45771,31.529987,0
253.45908,31.530943,1007.912638,253.45908,31.530943,0
253.46045,31.5319,1008.613678,253.46045,31.5319,0
253.46182,31.532856,1009.284238,253.46182,31.532856,0
253.4632,31.533819,1009.863358,253.4632,31.533819,0
253.46457,31.534776,1009.863358,253.46457,31.534776,0
253.46595,31.535739,1009.863358,253.46595,31.535739,0
253.46732,31.536696,1010.320558,253.46732,31.536696,0
253.46869,31.537652,1011.021598,253.46869,31.537652,0
253.47007,31.538615,1011.570238,253.47007,31.538615,0
253.47144,31.539572,1011.570238,253.47144,31.539572,0
253.47281,31.540528,1011.570238,253.47281,31.540528,0
253.47419,31.541492,1012.057918,253.47419,31.541492,0
253.47556,31.542448,1012.728478,253.47556,31.542448,0
253.47693,31.543404,1013.277118,253.47693,31.543404,0
253.47831,31.544368,1013.277118,253.47831,31.544368,0
253.47968,31.545324,1013.307598,253.47968,31.545324,0
253.48105,31.546281,1013.764798,253.48105,31.546281,0
253.48243,31.547244,1014.496318,253.48243,31.547244,0
253.4838,31.5482,1015.014478,253.4838,31.5482,0
253.48518,31.549164,1015.014478,253.48518,31.549164,0
253.48655,31.55012,1015.014478,253.48655,31.55012,0
253.48792,31.551077,1015.532638,253.48792,31.551077,0
253.4893,31.55204,1016.233678,253.4893,31.55204,0
253.49067,31.552996,1016.721358,253.49067,31.552996,0
253.49204,31.553953,1016.721358,253.49204,31.553953,0
253.49342,31.554916,1016.721358,253.49342,31.554916,0
253.49479,31.555873,1017.269998,253.49479,31.555873,0
253.49616,31.556829,1017.940558,253.49616,31.556829,0
253.49754,31.557792,1018.428238,253.49754,31.557792,0
253.49891,31.558749,1018.428238,253.49891,31.558749,0
253.50029,31.559712,1018.458718,253.50029,31.559712,0
253.50166,31.560669,1018.976878,253.50166,31.560669,0
253.50303,31.561625,1019.647438,253.50303,31.561625,0
253.5044,31.562581,1020.165598,253.5044,31.562581,0
253.50578,31.563545,1020.165598,253.50578,31.563545,0
253.50715,31.564501,1020.165598,253.50715,31.564501,0
253.50853,31.565465,1020.714238,253.50853,31.565465,0
253.5099,31.566421,1021.415278,253.5099,31.566421,0
253.51127,31.567377,1022.116318,253.51127,31.567377,0
253.51265,31.568341,1022.786878,253.51265,31.568341,0
253.51402,31.569297,1023.487918,253.51402,31.569297,0
253.51539,31.570254,1023.579358,253.51539,31.570254,0
253.51677,31.571217,1023.579358,253.51677,31.571217,0
253.51814,31.572173,1023.823198,253.51814,31.572173,0
253.51951,31.57313,1024.524238,253.51951,31.57313,0
253.52089,31.574093,1025.194798,253.52089,31.574093,0
253.52226,31.57505,1025.286238,253.52226,31.57505,0
253.52363,31.576006,1025.286238,253.52363,31.576006,0
253.52501,31.576969,1025.560558,253.52501,31.576969,0
253.52638,31.577926,1026.231118,253.52638,31.577926,0
253.52775,31.578882,1026.901678,253.52775,31.578882,0
253.52913,31.579846,1026.993118,253.52913,31.579846,0
253.5305,31.580802,1027.023598,253.5305,31.580802,0
253.53188,31.581765,1027.267438,253.53188,31.581765,0
253.53325,31.582722,1027.937998,253.53325,31.582722,0
253.53462,31.583678,1028.639038,253.53462,31.583678,0
253.536,31.584642,1028.730478,253.536,31.584642,0
253.53737,31.585598,1028.730478,253.53737,31.585598,0
253.53874,31.586554,1028.913358,253.53874,31.586554,0
253.54012,31.587518,1029.461998,253.54012,31.587518,0
253.54149,31.588474,1029.980158,253.54149,31.588474,0
253.54267,31.589298,1027.755118,253.54267,31.589298,0
253.54281,31.589396,1010.930158,253.54281,31.589396,0
253.54294,31.589486,994.105198,253.54294,31.589486,0
253.54308,31.589584,977.249759,253.54308,31.589584,0
253.54322,31.589682,960.424799,253.54322,31.589682,0
253.54336,31.58978,943.599839,253.54336,31.58978,0
253.5435,31.589877,926.774879,253.5435,31.589877,0
253.54364,31.589975,909.949919,253.54364,31.589975,0
253.54378,31.590073,893.124959,253.54378,31.590073,0
253.54392,31.590171,876.299999,253.54392,31.590171,0
253.54425,31.590401,862.065839,253.54425,31.590401,0
253.54563,31.591364,861.456239,253.54563,31.591364,0
253.547,31.592321,860.877119,253.547,31.592321,0
253.54791,31.592956,854.445839,253.54791,31.592956,0
253.54799,31.593012,837.559919,253.54799,31.593012,0
253.54806,31.593061,820.673999,253.54806,31.593061,0
253.54814,31.593117,803.788079,253.54814,31.593117,0
253.54821,31.593165,786.902159,253.54821,31.593165,0
253.54829,31.593221,770.016239,253.54829,31.593221,0
253.54837,31.593277,753.099839,253.54837,31.593277,0
253.54844,31.593326,736.213919,253.54844,31.593326,0
253.54852,31.593382,719.327999,253.54852,31.593382,0
253.54859,31.593431,702.442079,253.54859,31.593431,0
253.54867,31.593487,685.556159,253.54867,31.593487,0
253.54875,31.593542,668.670239,253.54875,31.593542,0
253.54882,31.593591,651.784319,253.54882,31.593591,0
253.5489,31.593647,634.898399,253.5489,31.593647,0
253.54897,31.593696,618.012479,253.54897,31.593696,0
253.54905,31.593752,601.126559,253.54905,31.593752,0
253.54912,31.593801,584.240639,253.54912,31.593801,0
253.5492,31.593857,567.354719,253.5492,31.593857,0
253.54928,31.593912,550.468799,253.54928,31.593912,0
253.54935,31.593961,533.582879,253.54935,31.593961,0
253.54943,31.594017,516.696959,253.54943,31.594017,0
253.5495,31.594066,499.811039,253.5495,31.594066,0
253.54958,31.594122,482.925119,253.54958,31.594122,0
253.54966,31.594178,466.039199,253.54966,31.594178,0
253.54973,31.594227,449.153279,253.54973,31.594227,0
253.54981,31.594282,432.236879,253.54981,31.594282,0
253.54988,31.594331,415.350959,253.54988,31.594331,0
253.54996,31.594387,398.465039,253.54996,31.594387,0
253.55004,31.594443,381.579119,253.55004,31.594443,0
253.55011,31.594492,364.693199,253.55011,31.594492,0
253.55019,31.594548,347.807279,253.55019,31.594548,0
253.55026,31.594597,330.921359,253.55026,31.594597,0
253.55034,31.594652,314.03544,253.55034,31.594652,0
253.55041,31.594701,297.14952,253.55041,31.594701,0
253.55049,31.594757,280.2636,253.55049,31.594757,0
253.55057,31.594813,263.37768,253.55057,31.594813,0
253.55064,31.594862,246.49176,253.55064,31.594862,0
253.55072,31.594918,229.60584,253.55072,31.594918,0
253.55079,31.594967,212.71992,253.55079,31.594967,0
253.55087,31.595022,195.834,253.55087,31.595022,0
253.55095,31.595078,178.94808,253.55095,31.595078,0
253.55102,31.595127,162.06216,253.55102,31.595127,0
253.5511,31.595183,145.17624,253.5511,31.595183,0
253.55117,31.595232,128.29032,253.55117,31.595232,0
253.55125,31.595288,111.37392,253.55125,31.595288,0
253.55133,31.595344,94.488,253.55133,31.595344,0
253.5514,31.595392,77.60208,253.5514,31.595392,0
253.55148,31.595448,60.71616,253.55148,31.595448,0
253.55155,31.595497,43.83024,253.55155,31.595497,0
253.55163,31.595553,26.94432,253.55163,31.595553,0
253.55171,31.595609,10.0584,253.55171,31.595609,0
253.5295,31.43227,1282.080238,253.5295,31.43227,0
253.53082,31.433245,1285.493998,253.53082,31.433245,0
253.53214,31.434219,1288.938238,253.53214,31.434219,0
253.53347,31.4352,1290.492718,253.53347,31.4352,0
253.53482,31.436197,1290.462238,253.53482,31.436197,0
253.53615,31.437179,1289.486878,253.53615,31.437179,0
253.53739,31.438094,1282.994638,253.53739,31.438094,0
253.53853,31.438935,1274.033518,253.53853,31.438935,0
253.53966,31.439769,1264.676158,253.53966,31.439769,0
253.54078,31.440596,1255.379758,253.54078,31.440596,0
253.54192,31.441437,1246.327198,253.54192,31.441437,0
253.54306,31.442279,1237.274638,253.54306,31.442279,0
253.5442,31.44312,1228.222078,253.5442,31.44312,0
253.54534,31.443962,1219.169518,253.54534,31.443962,0
253.54648,31.444803,1210.086478,253.54648,31.444803,0
253.54764,31.445659,1201.521598,253.54764,31.445659,0
253.5488,31.446515,1193.048158,253.5488,31.446515,0
253.54997,31.447379,1184.574718,253.54997,31.447379,0
253.55114,31.448243,1176.101278,253.55114,31.448243,0
253.5523,31.449099,1167.627838,253.5523,31.449099,0
253.55349,31.449977,1159.672558,253.55349,31.449977,0
253.55472,31.450885,1152.753598,253.55472,31.450885,0
253.55598,31.451815,1146.962398,253.55598,31.451815,0
253.55731,31.452797,1144.493518,253.55731,31.452797,0
253.55864,31.453778,1142.055118,253.55864,31.453778,0
253.55997,31.45476,1139.616718,253.55997,31.45476,0
253.56131,31.455749,1137.147838,253.56131,31.455749,0
253.56218,31.456391,1129.040158,253.56218,31.456391,0
253.56234,31.456509,1112.245678,253.56234,31.456509,0
253.5625,31.456627,1095.481678,253.5625,31.456627,0
253.56266,31.456745,1078.687198,253.56266,31.456745,0
253.56282,31.456864,1061.923198,253.56282,31.456864,0
253.56298,31.456982,1045.159198,253.56298,31.456982,0
253.56367,31.457491,1034.247358,253.56367,31.457491,0
253.56498,31.458458,1030.376398,253.56498,31.458458,0
253.56629,31.459425,1026.505438,253.56629,31.459425,0
253.5676,31.460392,1022.634478,253.5676,31.460392,0
253.56892,31.461366,1018.763518,253.56892,31.461366,0
253.57023,31.462333,1015.349758,253.57023,31.462333,0
253.57156,31.463314,1012.576078,253.57156,31.463314,0
253.57289,31.464296,1009.771918,253.57289,31.464296,0
253.57421,31.46527,1006.327678,253.57421,31.46527,0
253.57553,31.466245,1002.883438,253.57553,31.466245,0
253.57685,31.467219,999.774478,253.57685,31.467219,0
253.57818,31.468201,997.000798,253.57818,31.468201,0
253.57951,31.469182,994.196638,253.57951,31.469182,0
253.58084,31.470164,991.422958,253.58084,31.470164,0
253.58217,31.471146,988.618798,253.58217,31.471146,0
253.58349,31.47212,985.845119,253.58349,31.47212,0
253.58482,31.473102,983.040959,253.58482,31.473102,0
253.58615,31.474083,980.419679,253.58615,31.474083,0
253.58749,31.475072,978.316559,253.58749,31.475072,0
253.58883,31.476061,976.213439,253.58883,31.476061,0
253.59017,31.47705,975.238079,253.59017,31.47705,0
253.59151,31.478039,974.537039,253.59151,31.478039,0
253.59285,31.479028,972.891119,253.59285,31.479028,0
253.59418,31.48001,969.995519,253.59418,31.48001,0
253.59551,31.480992,967.282799,253.59551,31.480992,0
253.59685,31.481981,966.581759,253.59685,31.481981,0
253.5982,31.482977,965.911199,253.5982,31.482977,0
253.59954,31.483966,965.606399,253.59954,31.483966,0
253.60089,31.484963,965.606399,253.60089,31.484963,0
253.60224,31.485959,965.575919,253.60224,31.485959,0
253.60358,31.486948,965.575919,253.60358,31.486948,0
253.60493,31.487945,965.575919,253.60493,31.487945,0
253.60627,31.488934,965.545439,253.60627,31.488934,0
253.60762,31.48993,965.545439,253.60762,31.48993,0
253.60897,31.490927,965.514959,253.60897,31.490927,0
253.61031,31.491916,965.514959,253.61031,31.491916,0
253.61166,31.492912,965.514959,253.61166,31.492912,0
253.613,31.493901,965.880719,253.613,31.493901,0
253.61435,31.494897,966.551279,253.61435,31.494897,0
253.61569,31.495887,967.038959,253.61569,31.495887,0
253.61704,31.496883,965.484479,253.61704,31.496883,0
253.61783,31.497466,957.468239,253.61783,31.497466,0
253.61788,31.497503,940.582319,253.61788,31.497503,0
253.61793,31.49754,923.726879,253.61793,31.49754,0
253.61798,31.497577,906.840959,253.61798,31.497577,0
253.61803,31.497614,889.955039,253.61803,31.497614,0
253.61808,31.497651,873.069119,253.61808,31.497651,0
253.61813,31.497687,856.183199,253.61813,31.497687,0
253.61818,31.497724,839.297279,253.61818,31.497724,0
253.61823,31.497761,822.411359,253.61823,31.497761,0
253.61827,31.497791,805.525439,253.61827,31.497791,0
253.61832,31.497828,788.669999,253.61832,31.497828,0
253.61837,31.497865,771.784079,253.61837,31.497865,0
253.61842,31.497902,754.898159,253.61842,31.497902,0
253.61847,31.497938,738.012239,253.61847,31.497938,0
253.61852,31.497975,721.126319,253.61852,31.497975,0
253.61857,31.498012,704.240399,253.61857,31.498012,0
253.61862,31.498049,687.354479,253.61862,31.498049,0
253.61867,31.498086,670.468559,253.61867,31.498086,0
253.61872,31.498123,653.613119,253.61872,31.498123,0
253.61877,31.49816,636.727199,253.61877,31.49816,0
253.61882,31.498197,619.841279,253.61882,31.498197,0
253.61887,31.498234,602.955359,253.61887,31.498234,0
253.61892,31.498271,586.069439,253.61892,31.498271,0
253.61897,31.498307,569.183519,253.61897,31.498307,0
253.61902,31.498344,552.297599,253.61902,31.498344,0
253.61907,31.498381,535.411679,253.61907,31.498381,0
253.61911,31.498411,518.556239,253.61911,31.498411,0
253.61916,31.498448,501.670319,253.61916,31.498448,0
253.61921,31.498485,484.784399,253.61921,31.498485,0
253.61926,31.498522,467.898479,253.61926,31.498522,0
253.61931,31.498558,451.012559,253.61931,31.498558,0
253.61936,31.498595,434.126639,253.61936,31.498595,0
253.61941,31.498632,417.240719,253.61941,31.498632,0
253.61946,31.498669,400.354799,253.61946,31.498669,0
253.61951,31.498706,383.499359,253.61951,31.498706,0
253.61956,31.498743,366.613439,253.61956,31.498743,0
253.61961,31.49878,349.727519,253.61961,31.49878,0
253.61966,31.498817,332.841599,253.61966,31.498817,0
253.61971,31.498854,315.95568,253.61971,31.498854,0
253.61976,31.498891,299.06976,253.61976,31.498891,0
253.61981,31.498927,282.18384,253.61981,31.498927,0
253.61986,31.498964,265.29792,253.61986,31.498964,0
253.6199,31.498994,248.44248,253.6199,31.498994,0
253.61995,31.499031,231.55656,253.61995,31.499031,0
253.62,31.499068,214.67064,253.62,31.499068,0
253.62005,31.499105,197.78472,253.62005,31.499105,0
253.6201,31.499142,180.8988,253.6201,31.499142,0
253.62015,31.499178,164.01288,253.62015,31.499178,0
253.6202,31.499215,147.12696,253.6202,31.499215,0
253.62025,31.499252,130.24104,253.62025,31.499252,0
253.6203,31.499289,113.3856,253.6203,31.499289,0
253.62035,31.499326,96.49968,253.62035,31.499326,0
253.6204,31.499363,79.61376,253.6204,31.499363,0
253.62045,31.4994,62.72784,253.62045,31.4994,0
253.6205,31.499437,45.84192,253.6205,31.499437,0
253.62055,31.499474,28.956,253.62055,31.499474,0
253.6206,31.499511,12.07008,253.6206,31.499511,0
253.63549,31.36168,1459.656718,253.63549,31.36168,0
253.63586,31.36195,1443.410878,253.63586,31.36195,0
253.63624,31.362227,1427.134558,253.63624,31.362227,0
253.63696,31.362751,1413.814798,253.63696,31.362751,0
253.63802,31.363523,1403.421118,253.63802,31.363523,0
253.63912,31.364324,1393.941838,253.63912,31.364324,0
253.64037,31.365235,1387.784878,253.64037,31.365235,0
253.64162,31.366145,1381.597438,253.64162,31.366145,0
253.64283,31.367027,1374.373678,253.64283,31.367027,0
253.64403,31.367901,1366.814638,253.64403,31.367901,0
253.64527,31.368804,1360.444318,253.64527,31.368804,0
253.64658,31.369758,1356.969598,253.64658,31.369758,0
253.64789,31.370712,1353.525358,253.64789,31.370712,0
253.64906,31.371564,1347.703678,253.64906,31.371564,0
253.64916,31.371637,1330.817758,253.64916,31.371637,0
253.64926,31.37171,1313.931838,253.64926,31.37171,0
253.64936,31.371783,1297.045918,253.64936,31.371783,0
253.64946,31.371856,1280.159998,253.64946,31.371856,0
253.64956,31.371929,1263.274078,253.64956,31.371929,0
253.64966,31.372001,1246.388158,253.64966,31.372001,0
253.64976,31.372074,1229.502238,253.64976,31.372074,0
253.64986,31.372147,1212.616318,253.64986,31.372147,0
253.64996,31.37222,1195.730398,253.64996,31.37222,0
253.65006,31.372293,1178.844478,253.65006,31.372293,0
253.65016,31.372366,1161.958558,253.65016,31.372366,0
253.65026,31.372439,1145.072638,253.65026,31.372439,0
253.65036,31.372511,1128.186718,253.65036,31.372511,0
253.65046,31.372584,1111.300798,253.65046,31.372584,0
253.65056,31.372657,1094.414878,253.65056,31.372657,0
253.65066,31.37273,1077.528958,253.65066,31.37273,0
253.65076,31.372803,1060.643038,253.65076,31.372803,0
253.65086,31.372876,1043.757118,253.65086,31.372876,0
253.65096,31.372948,1026.871198,253.65096,31.372948,0
253.65106,31.373021,1009.985278,253.65106,31.373021,0
253.65116,31.373094,993.099358,253.65116,31.373094,0
253.65126,31.373167,976.213439,253.65126,31.373167,0
253.65136,31.37324,959.327519,253.65136,31.37324,0
253.65146,31.373313,942.441599,253.65146,31.373313,0
253.65156,31.373385,925.555679,253.65156,31.373385,0
253.65166,31.373458,908.669759,253.65166,31.373458,0
253.65176,31.373531,891.783839,253.65176,31.373531,0
253.65186,31.373604,874.897919,253.65186,31.373604,0
253.65196,31.373677,858.011999,253.65196,31.373677,0
253.65206,31.37375,841.126079,253.65206,31.37375,0
253.65216,31.373822,824.240159,253.65216,31.373822,0
253.65226,31.373895,807.354239,253.65226,31.373895,0
253.65237,31.373975,790.468319,253.65237,31.373975,0
253.65247,31.374048,773.582399,253.65247,31.374048,0
253.65373,31.374966,776.813279,253.65373,31.374966,0
253.65503,31.375913,780.745199,253.65503,31.375913,0
253.65634,31.376867,784.677119,253.65634,31.376867,0
253.65765,31.377821,788.639519,253.65765,31.377821,0
253.65895,31.378768,792.571439,253.65895,31.378768,0
253.66026,31.379722,796.503359,253.66026,31.379722,0
253.66156,31.380669,800.465759,253.66156,31.380669,0
253.66287,31.381623,804.397679,253.66287,31.381623,0
253.66417,31.38257,808.329599,253.66417,31.38257,0
253.66548,31.383525,812.261519,253.66548,31.383525,0
253.66678,31.384471,816.223919,253.66678,31.384471,0
253.66809,31.385426,820.155839,253.66809,31.385426,0
253.66939,31.386373,824.087759,253.66939,31.386373,0
253.6707,31.387327,828.019679,253.6707,31.387327,0
253.67201,31.388281,831.982079,253.67201,31.388281,0
253.67331,31.389228,835.913999,253.67331,31.389228,0
253.67462,31.390182,839.845919,253.67462,31.390182,0
253.67592,31.391129,843.808319,253.67592,31.391129,0
253.67723,31.392083,847.740239,253.67723,31.392083,0
253.67853,31.39303,851.672159,253.67853,31.39303,0
253.67984,31.393984,855.604079,253.67984,31.393984,0
253.68114,31.394931,859.566479,253.68114,31.394931,0
253.68245,31.395885,863.498399,253.68245,31.395885,0
253.68375,31.396832,867.430319,253.68375,31.396832,0
253.68506,31.397786,871.392719,253.68506,31.397786,0
253.68538,31.398019,858.133919,253.68538,31.398019,0
253.6855,31.398107,841.278479,253.6855,31.398107,0
253.68561,31.398187,824.392559,253.68561,31.398187,0
253.68573,31.398274,807.537119,253.68573,31.398274,0
253.68584,31.398354,790.651199,253.68584,31.398354,0
253.68596,31.398442,773.795759,253.68596,31.398442,0
253.68608,31.398529,756.909839,253.68608,31.398529,0
253.68619,31.398609,740.054399,253.68619,31.398609,0
253.68631,31.398697,723.168479,253.68631,31.398697,0
253.68642,31.398777,706.313039,253.68642,31.398777,0
253.68654,31.398864,689.427119,253.68654,31.398864,0
253.68665,31.398944,672.571679,253.68665,31.398944,0
253.68677,31.399032,655.685759,253.68677,31.399032,0
253.68688,31.399112,638.830319,253.68688,31.399112,0
253.687,31.399199,621.944399,253.687,31.399199,0
253.68711,31.39928,605.088959,253.68711,31.39928,0
253.68723,31.399367,588.203039,253.68723,31.399367,0
253.68735,31.399454,571.347599,253.68735,31.399454,0
253.68746,31.399534,554.461679,253.68746,31.399534,0
253.68758,31.399622,537.606239,253.68758,31.399622,0
253.68769,31.399702,520.720319,253.68769,31.399702,0
253.68781,31.399789,503.864879,253.68781,31.399789,0
253.68792,31.39987,486.978959,253.68792,31.39987,0
253.68804,31.399957,470.123519,253.68804,31.399957,0
253.68815,31.400037,453.237599,253.68815,31.400037,0
253.68827,31.400124,436.382159,253.68827,31.400124,0
253.68838,31.400205,419.496239,253.68838,31.400205,0
253.6885,31.400292,402.640799,253.6885,31.400292,0
253.68862,31.400379,385.754879,253.68862,31.400379,0
253.68873,31.40046,368.899439,253.68873,31.40046,0
253.68885,31.400547,352.013519,253.68885,31.400547,0
253.68896,31.400627,335.158079,253.68896,31.400627,0
253.68908,31.400714,318.27216,253.68908,31.400714,0
253.68919,31.400795,301.41672,253.68919,31.400795,0
253.68931,31.400882,284.5308,253.68931,31.400882,0
253.68942,31.400962,267.67536,253.68942,31.400962,0
253.68954,31.40105,250.78944,253.68954,31.40105,0
253.68965,31.40113,233.934,253.68965,31.40113,0
253.68977,31.401217,217.04808,253.68977,31.401217,0
253.68989,31.401304,200.19264,253.68989,31.401304,0
253.69,31.401385,183.3372,253.69,31.401385,0
253.69012,31.401472,166.45128,253.69012,31.401472,0
253.69023,31.401552,149.59584,253.69023,31.401552,0
253.69035,31.401639,132.70992,253.69035,31.401639,0
253.69046,31.40172,115.85448,253.69046,31.40172,0
253.69058,31.401807,98.96856,253.69058,31.401807,0
253.69069,31.401887,82.11312,253.69069,31.401887,0
253.69081,31.401975,65.2272,253.69081,31.401975,0
253.69092,31.402055,48.37176,253.69092,31.402055,0
253.69104,31.402142,31.48584,253.69104,31.402142,0
253.69116,31.402229,14.6304,253.69116,31.402229,0
253.49451,31.753945,1034.948398,253.49451,31.753945,0
253.49596,31.754189,1024.158478,253.49596,31.754189,0
253.49741,31.754432,1013.368558,253.49741,31.754432,0
253.49887,31.754678,1002.548158,253.49887,31.754678,0
253.50032,31.754921,991.758238,253.50032,31.754921,0
253.50149,31.755118,979.688159,253.50149,31.755118,0
253.50154,31.755126,962.710799,253.50154,31.755126,0
253.50159,31.755135,945.733439,253.50159,31.755135,0
253.50164,31.755143,928.756079,253.50164,31.755143,0
253.50169,31.755151,911.778719,253.50169,31.755151,0
253.50175,31.755162,894.831839,253.50175,31.755162,0
253.5018,31.75517,877.854479,253.5018,31.75517,0
253.50185,31.755178,860.877119,253.50185,31.755178,0
253.5019,31.755187,843.899759,253.5019,31.755187,0
253.50195,31.755195,826.922399,253.50195,31.755195,0
253.50201,31.755205,809.945039,253.50201,31.755205,0
253.50206,31.755214,792.967679,253.50206,31.755214,0
253.50211,31.755222,775.990319,253.50211,31.755222,0
253.50216,31.75523,759.012959,253.50216,31.75523,0
253.50221,31.755239,742.035599,253.50221,31.755239,0
253.50227,31.755249,725.058239,253.50227,31.755249,0
253.50232,31.755257,708.111359,253.50232,31.755257,0
253.50237,31.755266,691.133999,253.50237,31.755266,0
253.50242,31.755274,674.156639,253.50242,31.755274,0
253.50248,31.755284,657.179279,253.50248,31.755284,0
253.50253,31.755293,640.201919,253.50253,31.755293,0
253.50258,31.755301,623.224559,253.50258,31.755301,0
253.50263,31.755309,606.247199,253.50263,31.755309,0
253.50268,31.755318,589.269839,253.50268,31.755318,0
253.50274,31.755328,572.292479,253.50274,31.755328,0
253.50279,31.755336,555.315119,253.50279,31.755336,0
253.50284,31.755345,538.337759,253.50284,31.755345,0
253.50289,31.755353,521.390879,253.50289,31.755353,0
253.50294,31.755362,504.413519,253.50294,31.755362,0
253.503,31.755372,487.436159,253.503,31.755372,0
253.50305,31.75538,470.458799,253.50305,31.75538,0
253.5031,31.755388,453.481439,253.5031,31.755388,0
253.50315,31.755397,436.504079,253.50315,31.755397,0
253.50484,31.755681,434.431439,253.50484,31.755681,0
253.50672,31.755997,434.126639,253.50672,31.755997,0
253.5086,31.756313,433.791359,253.5086,31.756313,0
253.51048,31.756628,433.486559,253.51048,31.756628,0
253.51236,31.756944,433.181759,253.51236,31.756944,0
253.51424,31.75726,432.876959,253.51424,31.75726,0
253.51612,31.757576,432.572159,253.51612,31.757576,0
253.518,31.757892,432.267359,253.518,31.757892,0
253.51988,31.758208,431.932079,253.51988,31.758208,0
253.52176,31.758524,431.627279,253.52176,31.758524,0
253.52364,31.75884,431.322479,253.52364,31.75884,0
253.52384,31.758873,415.320479,253.52384,31.758873,0
253.52393,31.758888,398.373599,253.52393,31.758888,0
253.52402,31.758904,381.396239,253.52402,31.758904,0
253.52412,31.75892,364.449359,253.52412,31.75892,0
253.52421,31.758936,347.471999,253.52421,31.758936,0
253.5243,31.758951,330.525119,253.5243,31.758951,0
253.52439,31.758966,313.54776,253.52439,31.758966,0
253.52448,31.758981,296.60088,253.52448,31.758981,0
253.52458,31.758998,279.62352,253.52458,31.758998,0
253.52467,31.759013,262.67664,253.52467,31.759013,0
253.52476,31.759028,245.72976,253.52476,31.759028,0
253.52485,31.759043,228.7524,253.52485,31.759043,0
253.52495,31.75906,211.80552,253.52495,31.75906,0
253.52504,31.759075,194.82816,253.52504,31.759075,0
253.52513,31.75909,177.88128,253.52513,31.75909,0
253.52522,31.759105,160.90392,253.52522,31.759105,0
253.52531,31.75912,143.95704,253.52531,31.75912,0
253.52541,31.759137,126.97968,253.52541,31.759137,0
253.5255,31.759152,110.0328,253.5255,31.759152,0
253.52559,31.759167,93.05544,253.52559,31.759167,0
253.52568,31.759183,76.10856,253.52568,31.759183,0
253.52577,31.759198,59.1312,253.52577,31.759198,0
253.52587,31.759214,42.18432,253.52587,31.759214,0
253.52596,31.75923,25.20696,253.52596,31.75923,0
253.52605,31.759245,8.26008,253.52605,31.759245,0